ABBV,ABT,ADM,ADP,AFL,ALB,AOS,APD,ATO,BDX,BEN,BFB,BRO,CAH,CAT,CB,CHD,CHRW,CINF,CL,CLX,CVX,DOV,Date,ECL,ED,EMR,ESS,EXPD,FRT,GD,GPC,GWW,HRL,IBM,ITW,JNJ,KMB,KO,LEG,LIN,LOW,MCD,MDT,MKC,MMM,NDSN,NEE,NUE,O,PEP,PG,PNR,PPG,ROP,SHW,SJM,SPGI,SWK,SYY,TGT,TROW,WMT,WST,XOM
0.0,0.0,0.24,0.0,0.185,0.0,0.075,0.0,0.37,0.0,0.0,0.0,0.05,0.0,0.0,0.0,0.155,0.0,0.0,0.0,0.0,1.0,0.0,2014-02,0.0,0.63,0.43,0.0,0.0,0.0,0.0,0.0,0.93,0.0,0.908222,0.0,0.66,0.0,0.0,0.0,0.0,0.0,0.81,0.0,0.0,0.855,0.18,0.18125,0.0,0.176357,0.0,0.0,0.0,0.305,0.0,0.183333,0.58,0.3,0.0,0.0,0.43,0.0,0.0,0.0,0.63
0.0,0.0,0.0,0.421422,0.0,0.275,0.0,0.712303,0.0,0.531707,0.12,0.116,0.0,0.303,0.0,0.63,0.0,0.35,0.44,0.0,0.0,0.0,0.302908,2014-03,0.275,0.0,0.0,1.21,0.0,0.78,0.0,0.575,0.0,0.0,0.0,0.42,0.0,0.805369,0.305,0.3,0.65,0.0,0.0,0.0,0.0,0.0,0.0,0.0,0.37,0.176357,0.568,0.0,0.0,0.0,0.0,0.0,0.0,0.0,0.5,0.0,0.0,0.44,0.16,0.0,0.0
0.42,0.22,0.0,0.0,0.0,0.0,0.075,0.0,0.0,0.0,0.0,0.0,0.0,0.0,0.6,0.0,0.0,0.0,0.0,0.36,0.71,0.0,0.0,2014-04,0.0,0.0,0.0,0.0,0.0,0.0,0.62,0.0,0.0,0.1,0.0,0.0,0.0,0.0,0.0,0.0,0.0,0.18,0.0,0.28,0.185,0.0,0.0,0.0,0.0,0.176357,0.0,0.644,0.167898,0.0,0.2,0.0,0.0,0.0,0.0,0.29,0.0,0.0,0.0,0.1,0.0
0.0,0.0,0.24,0.0,0.185,0.0,0.0,0.0,0.37,0.0,0.0,0.0,0.05,0.0,0.0,0.0,0.155,0.0,0.0,0.0,0.0,1.07,0.302908,2014-05,0.0,0.63,0.43,0.0,0.32,0.0,0.0,0.0,1.08,0.0,1.051625,0.0,0.7,0.0,0.0,0.0,0.0,0.0,0.81,0.0,0.0,0.855,0.18,0.18125,0.0,0.176357,0.0,0.0,0.0,0.335,0.0,0.183333,0.58,0.3,0.0,0.0,0.43,0.0,0.16,0.0,0.69
0.0,0.0,0.0,0.421422,0.0,0.275,0.0,0.712303,0.0,0.531707,0.12,0.116,0.0,0.343,0.0,0.0,0.0,0.35,0.44,0.0,0.0,0.0,0.0,2014-06,0.275,0.0,0.0,1.3,0.0,0.78,0.0,0.575,0.0,0.0,0.0,0.42,0.0,0.805369,0.305,0.3,0.65,0.0,0.0,0.0,0.0,0.0,0.0,0.0,0.37,0.177326,0.655,0.0,0.0,0.0,0.0,0.0,0.0,0.0,0.5,0.0,0.0,0.44,0.0,0.0,0.0
0.42,0.22,0.0,0.0,0.0,0.0,0.075,0.0,0.0,0.0,0.0,0.0,0.0,0.0,0.7,0.65,0.0,0.0,0.0,0.36,0.74,0.0,0.0,2014-07,0.0,0.0,0.0,0.0,0.0,0.0,0.62,0.0,0.0,0.1,0.0,0.0,0.0,0.0,0.0,0.0,0.0,0.23,0.0,0.305,0.185,0.0,0.0,0.0,0.0,0.177326,0.0,0.644,0.201478,0.0,0.2,0.0,0.0,0.0,0.0,0.29,0.0,0.0,0.0,0.1,0.0
0.0,0.0,0.24,0.0,0.185,0.0,0.0,0.0,0.37,0.0,0.0,0.0,0.05,0.0,0.0,0.0,0.155,0.0,0.0,0.0,0.0,1.07,0.323102,2014-08,0.0,0.63,0.43,0.0,0.0,0.0,0.0,0.0,1.08,0.0,1.051625,0.0,0.7,0.0,0.0,0.0,0.0,0.0,0.81,0.0,0.0,0.855,0.22,0.18125,0.0,0.177326,0.0,0.0,0.0,0.335,0.0,0.183333,0.64,0.3,0.0,0.0,0.52,0.0,0.16,0.0,0.69
0.0,0.0,0.0,0.421422,0.0,0.275,0.0,0.712303,0.0,0.531707,0.12,0.116,0.0,0.343,0.0,0.65,0.0,0.35,0.44,0.0,0.0,0.0,0.0,2014-09,0.275,0.0,0.0,1.3,0.0,0.87,0.0,0.575,0.0,0.0,0.0,0.485,0.0,0.805369,0.305,0.31,0.65,0.0,0.0,0.0,0.0,0.0,0.0,0.0,0.37,0.177326,0.655,0.0,0.0,0.0,0.0,0.0,0.0,0.0,0.52,0.0,0.0,0.44,0.0,0.0,0.0
0.42,0.22,0.0,0.0,0.0,0.0,0.075,0.0,0.0,0.0,0.0,0.0,0.055,0.0,0.7,0.0,0.0,0.0,0.0,0.36,0.74,0.0,0.0,2014-10,0.0,0.0,0.0,0.0,0.0,0.0,0.62,0.0,0.0,0.1,0.0,0.0,0.0,0.0,0.0,0.0,0.0,0.23,0.0,0.305,0.185,0.0,0.0,0.0,0.0,0.177326,0.0,0.644,0.201478,0.0,0.2,0.0,0.0,0.0,0.0,0.29,0.0,0.0,0.0,0.11,0.0
0.0,0.0,0.24,0.0,0.195,0.0,0.0,0.0,0.39,0.0,0.0,0.0,0.0,0.0,0.0,0.0,0.155,0.0,0.0,0.0,0.0,1.07,0.323102,2014-11,0.0,0.63,0.47,0.0,0.32,0.0,0.0,0.0,1.08,0.0,1.051625,0.0,0.7,0.0,0.305,0.0,0.0,0.0,0.85,0.0,0.0,0.855,0.0,0.18125,0.0,0.177326,0.0,0.0,0.0,0.335,0.0,0.183333,0.64,0.3,0.0,0.0,0.52,0.0,0.0,0.0,0.69
0.0,0.0,0.0,0.49,0.0,0.275,0.0,0.712303,0.0,0.585366,0.135,0.126,0.0,0.343,0.0,0.65,0.0,0.38,0.44,0.0,0.0,0.0,0.0,2014-12,0.33,0.0,0.0,1.3,0.0,0.87,0.0,0.575,0.0,0.0,0.0,0.485,0.0,0.84,0.0,0.31,0.65,0.0,0.0,0.305,0.2,0.0,0.22,0.0,0.372,0.177326,0.655,0.0,0.0,0.0,0.0,0.0,0.0,0.0,0.52,0.3,0.0,0.44,0.16,0.0,0.0
0.49,0.24,0.0,0.0,0.0,0.0,0.0,0.0,0.0,0.0,0.0,0.0,0.0,0.0,0.7,0.0,0.0,0.0,0.0,0.36,0.74,0.0,0.0,2015-01,0.0,0.0,0.0,0.0,0.0,0.0,0.62,0.0,0.0,0.125,0.0,0.0,0.0,0.0,0.0,0.0,0.0,0.23,0.0,0.0,0.0,0.0,0.0,0.0,0.0,0.18314,0.0,0.644,0.214909,0.0,0.25,0.0,0.0,0.0,0.0,0.0,0.0,0.0,0.0,0.11,0.0
0.0,0.0,0.28,0.0,0.195,0.0,0.095,0.0,0.39,0.0,0.0,0.0,0.055,0.0,0.0,0.0,0.1675,0.0,0.0,0.0,0.0,1.07,0.323102,2015-02,0.0,0.65,0.47,0.0,0.0,0.0,0.0,0.0,1.08,0.0,1.051625,0.0,0.7,0.0,0.0,0.0,0.0,0.0,0.85,0.0,0.0,1.025,0.22,0.1925,0.0,0.18314,0.0,0.0,0.0,0.335,0.0,0.223333,0.64,0.33,0.0,0.0,0.52,0.0,0.0,0.0,0.69
0.0,0.0,0.0,0.49,0.0,0.29,0.0,0.749306,0.0,0.585366,0.15,0.126,0.0,0.343,0.0,0.65,0.0,0.38,0.46,0.0,0.0,0.0,0.0,2015-03,0.33,0.0,0.0,1.44,0.0,0.87,0.0,0.615,0.0,0.0,0.0,0.485,0.0,0.88,0.33,0.31,0.715,0.0,0.0,0.305,0.0,0.0,0.0,0.0,0.372,0.184109,0.655,0.0,0.0,0.0,0.0,0.0,0.0,0.0,0.52,0.3,0.0,0.52,0.163333,0.0,0.0
0.51,0.24,0.0,0.0,0.0,0.0,0.095,0.0,0.0,0.0,0.0,0.0,0.055,0.0,0.7,0.0,0.0,0.0,0.0,0.38,0.74,0.0,0.0,2015-04,0.0,0.0,0.0,0.0,0.0,0.0,0.69,0.0,0.0,0.125,0.0,0.0,0.0,0.0,0.0,0.0,0.0,0.23,0.0,0.0,0.2,0.0,0.0,0.0,0.0,0.184109,0.0,0.663,0.214909,0.0,0.25,0.0,0.0,0.0,0.0,0.0,0.0,0.0,0.0,0.11,0.0
0.0,0.0,0.28,0.0,0.195,0.0,0.0,0.0,0.39,0.0,0.0,0.0,0.0,0.0,0.0,0.0,0.1675,0.0,0.0,0.0,0.0,1.07,0.323102,2015-05,0.0,0.65,0.47,0.0,0.36,0.0,0.0,0.0,1.17,0.0,1.24283,0.0,0.75,0.0,0.0,0.0,0.0,0.0,0.85,0.0,0.0,1.025,0.22,0.1925,0.0,0.184109,0.0,0.0,0.0,0.36,0.0,0.223333,0.64,0.33,0.0,0.0,0.52,0.0,0.163333,0.0,0.73
0.0,0.0,0.0,0.49,0.0,0.29,0.0,0.749306,0.0,0.585366,0.15,0.126,0.0,0.387,0.0,0.67,0.0,0.38,0.46,0.0,0.0,0.0,0.0,2015-06,0.33,0.0,0.0,1.44,0.0,0.87,0.69,0.615,0.0,0.0,0.0,0.485,0.0,0.88,0.33,0.31,0.715,0.0,0.0,0.38,0.0,0.0,0.0,0.0,0.373,0.184109,0.703,0.0,0.0,0.0,0.0,0.0,0.0,0.0,0.52,0.3,0.0,0.52,0.0,0.0,0.0
0.51,0.24,0.0,0.0,0.0,0.0,0.095,0.0,0.0,0.0,0.0,0.0,0.0,0.0,0.77,0.0,0.0,0.0,0.0,0.38,0.77,0.0,0.0,2015-07,0.0,0.0,0.0,0.0,0.0,0.0,0.0,0.0,0.0,0.125,0.0,0.0,0.0,0.0,0.0,0.0,0.0,0.28,0.0,0.0,0.2,0.0,0.0,0.0,0.0,0.184109,0.0,0.663,0.214909,0.0,0.25,0.0,0.0,0.0,0.0,0.0,0.0,0.0,0.0,0.11,0.0
0.0,0.0,0.28,0.0,0.195,0.0,0.0,0.0,0.39,0.0,0.0,0.0,0.055,0.0,0.0,0.0,0.1675,0.0,0.0,0.0,0.0,1.07,0.339257,2015-08,0.0,0.65,0.47,0.0,0.0,0.0,0.0,0.0,1.17,0.0,1.24283,0.0,0.75,0.0,0.0,0.0,0.0,0.0,0.85,0.0,0.0,1.025,0.24,0.1925,0.0,0.184109,0.0,0.0,0.0,0.36,0.0,0.223333,0.67,0.33,0.0,0.0,0.56,0.0,0.163333,0.0,0.73
0.0,0.0,0.0,0.49,0.0,0.29,0.0,0.749306,0.0,0.585366,0.15,0.126,0.0,0.387,0.0,0.67,0.0,0.38,0.46,0.0,0.0,0.0,0.0,2015-09,0.33,0.0,0.0,1.44,0.0,0.94,0.0,0.615,0.0,0.0,0.0,0.55,0.0,0.88,0.33,0.32,0.715,0.0,0.0,0.38,0.0,0.0,0.0,0.0,0.373,0.185078,0.703,0.0,0.0,0.0,0.0,0.0,0.0,0.0,0.55,0.3,0.0,0.52,0.0,0.0,0.0
0.51,0.24,0.0,0.0,0.0,0.0,0.095,0.0,0.0,0.0,0.0,0.0,0.0,0.0,0.77,0.0,0.0,0.0,0.0,0.38,0.77,0.0,0.0,2015-10,0.0,0.0,0.0,0.0,0.0,0.0,0.69,0.0,0.0,0.125,0.0,0.0,0.0,0.0,0.0,0.0,0.0,0.28,0.0,0.0,0.2,0.0,0.0,0.0,0.0,0.185078,0.0,0.663,0.214909,0.0,0.25,0.0,0.0,0.0,0.0,0.0,0.0,0.0,0.0,0.12,0.0
0.0,0.0,0.28,0.0,0.205,0.0,0.0,0.0,0.42,0.0,0.0,0.0,0.0615,0.0,0.0,0.0,0.1675,0.0,0.0,0.0,0.0,1.07,0.339257,2015-11,0.0,0.65,0.475,0.0,0.36,0.0,0.0,0.0,1.17,0.0,1.24283,0.0,0.75,0.0,0.33,0.0,0.0,0.0,0.89,0.0,0.0,1.025,0.0,0.1925,0.0,0.185078,0.0,0.0,0.0,0.36,0.0,0.223333,0.67,0.33,0.0,0.0,0.56,0.0,0.0,0.0,0.73
0.0,0.0,0.0,0.53,0.0,0.29,0.0,0.749306,0.0,0.643902,0.18,0.136,0.0,0.387,0.0,0.67,0.0,0.43,0.92,0.0,0.0,0.0,0.0,2015-12,0.35,0.0,0.0,1.44,0.0,0.94,0.0,0.615,0.0,0.0,0.0,0.55,0.0,0.88,0.0,0.32,0.715,0.0,0.0,0.38,0.215,0.0,0.24,0.0,0.375,0.185078,0.703,0.0,0.0,0.0,0.0,0.0,0.0,0.0,0.55,0.0,0.0,0.52,0.163333,0.0,0.0
0.57,0.26,0.0,0.0,0.0,0.0,0.0,0.0,0.0,0.0,0.0,0.0,0.0,0.0,0.77,0.0,0.0,0.0,0.0,0.38,0.77,0.0,0.0,2016-01,0.0,0.0,0.0,0.0,0.0,0.0,0.69,0.0,0.0,0.145,0.0,0.0,0.0,0.0,0.0,0.0,0.0,0.28,0.0,0.0,0.0,0.0,0.0,0.0,0.0,0.192829,0.0,0.663,0.221625,0.0,0.3,0.0,0.0,0.0,0.0,0.31,0.0,0.0,0.0,0.12,0.0
0.0,0.0,0.3,0.0,0.205,0.0,0.12,0.0,0.42,0.0,0.0,0.0,0.0615,0.0,0.0,0.0,0.1775,0.0,0.0,0.0,0.0,1.07,0.339257,2016-02,0.0,0.67,0.475,0.0,0.0,0.0,0.0,0.0,1.17,0.0,1.24283,0.0,0.75,0.0,0.0,0.0,0.0,0.0,0.89,0.0,0.0,1.11,0.24,0.2175,0.0,0.192829,0.0,0.0,0.0,0.36,0.0,0.28,0.67,0.36,0.55,0.0,0.56,0.0,0.0,0.0,0.73
0.0,0.0,0.0,0.53,0.0,0.305,0.0,0.79556,0.0,0.643902,0.18,0.136,0.0,0.387,0.0,0.67,0.0,0.43,0.48,0.0,0.0,0.0,0.0,2016-03,0.35,0.0,0.0,1.6,0.0,0.94,0.0,0.658,0.0,0.0,0.0,0.55,0.0,0.92,0.35,0.32,0.75,0.0,0.0,0.38,0.0,0.0,0.0,0.0,0.375,0.192829,0.703,0.0,0.0,0.0,0.0,0.0,0.0,0.0,0.0,0.31,0.0,0.54,0.166667,0.0,0.0
0.57,0.26,0.0,0.0,0.0,0.0,0.12,0.0,0.0,0.0,0.0,0.0,0.0,0.0,0.77,0.0,0.0,0.0,0.0,0.39,0.77,0.0,0.0,2016-04,0.0,0.0,0.0,0.0,0.0,0.0,0.76,0.0,0.0,0.145,0.0,0.0,0.0,0.0,0.0,0.0,0.0,0.28,0.0,0.0,0.215,0.0,0.0,0.0,0.0,0.192829,0.0,0.67,0.221625,0.0,0.3,0.0,0.0,0.0,0.0,0.0,0.0,0.0,0.0,0.12,0.0
0.0,0.0,0.3,0.0,0.205,0.0,0.0,0.0,0.42,0.0,0.0,0.0,0.0615,0.0,0.0,0.0,0.1775,0.0,0.0,0.0,0.0,1.07,0.339257,2016-05,0.0,0.67,0.475,0.0,0.4,0.0,0.0,0.0,1.22,0.0,1.338432,0.0,0.8,0.0,0.0,0.0,0.0,0.0,0.0,0.0,0.0,1.11,0.24,0.2175,0.0,0.192829,0.0,0.0,0.0,0.4,0.0,0.28,0.67,0.36,0.55,0.0,0.56,0.0,0.166667,0.0,0.75
0.0,0.0,0.0,0.53,0.0,0.305,0.0,0.79556,0.0,0.643902,0.18,0.136,0.0,0.449,0.0,0.69,0.0,0.43,0.48,0.0,0.0,0.0,0.0,2016-06,0.35,0.0,0.0,1.6,0.0,0.94,0.76,0.658,0.0,0.0,0.0,0.55,0.0,0.92,0.35,0.34,0.75,0.0,0.89,0.0,0.0,0.0,0.0,0.0,0.375,0.193798,0.753,0.0,0.0,0.0,0.0,0.0,0.0,0.0,0.0,0.31,0.0,0.54,0.0,0.0,0.0
0.57,0.26,0.0,0.0,0.0,0.0,0.12,0.0,0.0,0.0,0.0,0.0,0.0,0.0,0.77,0.0,0.0,0.0,0.0,0.39,0.8,0.0,0.0,2016-07,0.0,0.0,0.0,0.0,0.0,0.0,0.0,0.0,0.0,0.145,0.0,0.0,0.0,0.0,0.0,0.0,0.0,0.35,0.0,0.43,0.215,0.0,0.0,0.0,0.0,0.193798,0.0,0.67,0.228341,0.0,0.3,0.0,0.0,0.0,0.0,0.0,0.0,0.0,0.0,0.12,0.0
0.0,0.0,0.3,0.0,0.205,0.0,0.0,0.0,0.42,0.0,0.0,0.136,0.0615,0.0,0.0,0.0,0.1775,0.43,0.0,0.0,0.0,1.07,0.355412,2016-08,0.0,0.67,0.475,0.0,0.0,0.0,0.0,0.0,1.22,0.0,1.338432,0.0,0.8,0.0,0.0,0.0,0.0,0.0,0.89,0.0,0.0,1.11,0.27,0.2175,0.0,0.195736,0.753,0.0,0.0,0.4,0.0,0.28,0.75,0.36,0.58,0.0,0.6,0.0,0.166667,0.0,0.75
0.0,0.0,0.0,0.53,0.0,0.305,0.0,0.0,0.0,0.643902,0.18,0.0,0.0,0.449,0.0,0.69,0.0,0.0,0.48,0.0,0.0,0.0,0.0,2016-09,0.35,0.0,0.0,1.6,0.0,0.98,0.0,0.658,0.0,0.0,0.0,0.65,0.0,0.92,0.35,0.34,0.75,0.0,0.0,0.43,0.0,0.0,0.0,0.0,0.375,0.195736,0.0,0.0,0.0,0.0,0.0,0.0,0.0,0.0,0.0,0.0,0.0,0.54,0.0,0.0,0.0
0.57,0.26,0.0,0.0,0.0,0.0,0.12,0.86,0.0,0.0,0.0,0.0,0.0675,0.0,0.77,0.0,0.0,0.0,0.0,0.39,0.8,0.0,0.0,2016-10,0.0,0.0,0.0,0.0,0.0,0.0,0.76,0.0,0.0,0.145,0.0,0.0,0.0,0.0,0.0,0.0,0.0,0.35,0.0,0.0,0.215,0.0,0.0,0.0,0.0,0.195736,0.0,0.67,0.228341,0.0,0.3,0.0,0.0,0.0,0.0,0.31,0.0,0.0,0.0,0.13,0.0
0.0,0.0,0.3,0.0,0.215,0.0,0.0,0.0,0.45,0.0,0.0,0.1464,0.0,0.0,0.0,0.0,0.178,0.0,0.0,0.0,0.0,1.08,0.355412,2016-11,0.0,0.67,0.48,0.0,0.4,0.0,0.0,0.0,1.22,0.0,1.338432,0.0,0.8,0.0,0.35,0.0,0.0,0.0,0.94,0.0,0.0,1.11,0.0,0.2175,0.0,0.195736,0.753,0.0,0.0,0.4,0.0,0.28,0.75,0.36,0.58,0.0,0.6,0.0,0.0,0.0,0.75
0.0,0.0,0.0,0.57,0.0,0.305,0.0,0.86,0.0,0.712195,0.2,0.0,0.0,0.449,0.0,0.69,0.0,0.45,0.48,0.0,0.0,0.0,0.0,2016-12,0.37,0.0,0.0,1.6,0.0,0.98,0.0,0.658,0.0,0.0,0.0,0.65,0.0,0.92,0.0,0.34,0.75,0.0,0.0,0.43,0.235,0.0,0.27,0.0,0.378,0.196705,0.0,0.0,0.0,0.0,0.0,0.0,0.0,0.0,0.0,0.0,0.0,0.54,0.166667,0.0,0.0
0.64,0.265,0.0,0.0,0.0,0.0,0.14,0.0,0.0,0.0,0.0,0.0,0.0,0.0,0.77,0.0,0.0,0.0,0.0,0.39,0.8,0.0,0.0,2017-01,0.0,0.0,0.0,0.0,0.0,0.0,0.76,0.0,0.0,0.17,0.0,0.0,0.0,0.0,0.0,0.0,0.0,0.35,0.0,0.0,0.0,0.0,0.0,0.0,0.0,0.204457,0.0,0.67,0.231699,0.0,0.35,0.0,0.0,0.0,0.0,0.33,0.0,0.0,0.0,0.13,0.0
0.0,0.0,0.32,0.0,0.215,0.0,0.0,0.0,0.45,0.0,0.0,0.0,0.0675,0.0,0.0,0.0,0.19,0.0,0.0,0.0,0.0,1.08,0.355412,2017-02,0.0,0.69,0.48,0.0,0.0,0.0,0.0,0.0,1.22,0.0,1.338432,0.0,0.8,0.0,0.0,0.0,0.0,0.0,0.94,0.0,0.0,1.175,0.27,0.24575,0.0,0.204457,0.0,0.0,0.0,0.4,0.0,0.283333,0.75,0.41,0.58,0.0,0.6,0.0,0.0,0.0,0.75
0.0,0.0,0.0,0.57,0.0,0.32,0.0,0.95,0.0,0.712195,0.2,0.1464,0.0,0.449,0.0,0.69,0.0,0.45,0.5,0.0,0.0,0.0,0.0,2017-03,0.37,0.0,0.0,1.75,0.0,0.98,0.0,0.675,0.0,0.0,0.0,0.65,0.0,0.97,0.37,0.34,0.788,0.0,0.0,0.43,0.0,0.0,0.0,0.0,0.378,0.204457,0.753,0.0,0.0,0.0,0.0,0.0,0.0,0.0,0.0,0.0,0.0,0.57,0.17,0.0,0.0
0.64,0.265,0.0,0.0,0.0,0.0,0.14,0.0,0.0,0.0,0.0,0.0,0.0,0.0,0.77,0.0,0.0,0.0,0.0,0.4,0.8,0.0,0.0,2017-04,0.0,0.0,0.0,0.0,0.0,0.0,0.84,0.0,0.0,0.17,0.0,0.0,0.0,0.0,0.0,0.0,0.0,0.35,0.0,0.0,0.235,0.0,0.0,0.0,0.0,0.204457,0.0,0.69,0.231699,0.0,0.35,0.0,0.0,0.0,0.0,0.33,0.0,0.0,0.0,0.13,0.0
0.0,0.0,0.32,0.0,0.215,0.0,0.0,0.0,0.45,0.0,0.0,0.0,0.0675,0.0,0.0,0.0,0.19,0.45,0.0,0.0,0.0,1.08,0.355412,2017-05,0.0,0.69,0.48,0.0,0.42,0.0,0.0,0.0,1.28,0.0,1.434034,0.0,0.84,0.0,0.0,0.0,0.0,0.0,0.0,0.0,0.0,1.175,0.27,0.24575,0.0,0.204457,0.805,0.0,0.0,0.4,0.0,0.283333,0.75,0.41,0.0,0.0,0.6,0.0,0.17,0.0,0.77
0.0,0.0,0.0,0.57,0.0,0.32,0.0,0.95,0.0,0.712195,0.2,0.1464,0.0,0.462,0.0,0.71,0.0,0.0,0.5,0.0,0.0,0.0,0.0,2017-06,0.37,0.0,0.0,1.75,0.0,0.98,0.0,0.675,0.0,0.0,0.0,0.65,0.0,0.97,0.37,0.36,0.788,0.0,0.94,0.0,0.0,0.0,0.0,0.0,0.378,0.205426,0.0,0.0,0.0,0.0,0.0,0.0,0.0,0.0,0.58,0.0,0.0,0.57,0.0,0.0,0.0
0.64,0.265,0.0,0.0,0.0,0.0,0.14,0.0,0.0,0.0,0.0,0.0,0.0,0.0,0.78,0.0,0.0,0.0,0.0,0.4,0.84,0.0,0.0,2017-07,0.0,0.0,0.0,0.0,0.0,0.0,0.84,0.0,0.0,0.17,0.0,0.0,0.0,0.0,0.0,0.0,0.0,0.41,0.0,0.46,0.235,0.0,0.0,0.0,0.0,0.205426,0.0,0.69,0.231699,0.0,0.35,0.0,0.0,0.0,0.0,0.33,0.0,0.0,0.0,0.13,0.0
0.0,0.0,0.32,0.0,0.215,0.0,0.0,0.0,0.45,0.0,0.0,0.0,0.0675,0.0,0.0,0.0,0.19,0.45,0.0,0.0,0.0,1.08,0.379645,2017-08,0.0,0.69,0.48,0.0,0.0,0.0,0.0,0.0,1.28,0.0,1.434034,0.0,0.84,0.0,0.0,0.0,0.0,0.0,0.94,0.0,0.0,1.175,0.3,0.24575,0.0,0.205426,0.805,0.0,0.0,0.45,0.0,0.283333,0.78,0.41,0.63,0.0,0.62,0.0,0.17,0.0,0.77
0.0,0.0,0.0,0.57,0.0,0.32,0.0,0.0,0.0,0.712195,0.2,0.1464,0.0,0.462,0.0,0.71,0.0,0.0,0.5,0.0,0.0,0.0,0.0,2017-09,0.37,0.0,0.0,1.75,0.0,1.0,0.0,0.675,0.0,0.0,0.0,0.78,0.0,0.97,0.37,0.36,0.788,0.0,0.0,0.46,0.0,0.0,0.0,0.0,0.378,0.205426,0.0,0.0,0.0,0.0,0.0,0.0,0.0,0.0,0.0,0.0,0.0,0.57,0.0,0.0,0.0
0.64,0.265,0.0,0.0,0.0,0.0,0.14,0.95,0.0,0.0,0.0,0.0,0.075,0.0,0.78,0.0,0.0,0.0,0.0,0.4,0.84,0.0,0.0,2017-10,0.0,0.0,0.0,0.0,0.0,0.0,0.84,0.0,0.0,0.17,0.0,0.0,0.0,0.0,0.0,0.0,0.0,0.41,0.0,0.0,0.235,0.0,0.0,0.0,0.0,0.205426,0.0,0.69,0.231699,0.0,0.35,0.0,0.0,0.0,0.0,0.33,0.0,0.0,0.0,0.14,0.0
0.0,0.0,0.32,0.0,0.225,0.0,0.0,0.0,0.485,0.0,0.0,0.0,0.0,0.0,0.0,0.0,0.19,0.0,0.5,0.0,0.0,1.08,0.379645,2017-11,0.0,0.69,0.485,0.0,0.42,0.0,0.0,0.0,1.28,0.0,1.434034,0.0,0.84,0.0,0.37,0.0,0.0,0.0,1.01,0.0,0.0,1.175,0.0,0.24575,0.0,0.205426,0.805,0.0,0.0,0.45,0.0,0.283333,0.78,0.41,0.63,0.0,0.62,0.0,0.0,0.0,0.77
0.0,0.0,0.0,0.63,0.0,0.32,0.0,0.95,0.0,0.731707,0.23,0.1584,0.0,0.462,0.0,0.71,0.0,0.46,0.5,0.0,0.0,0.0,0.0,2017-12,0.41,0.0,0.0,1.75,0.0,1.0,0.0,0.675,0.0,0.0,0.0,0.78,0.0,0.97,0.0,0.36,0.788,0.0,0.0,0.46,0.26,0.0,0.3,0.0,0.38,0.206395,0.0,0.0,0.0,0.0,0.0,0.0,0.0,0.0,0.0,0.0,0.0,0.57,0.17,0.0,0.0
0.71,0.28,0.0,0.0,0.0,0.0,0.18,0.0,0.0,0.0,0.0,0.0,0.0,0.0,0.78,0.0,0.0,0.0,0.0,0.4,0.84,0.0,0.0,2018-01,0.0,0.0,0.0,0.0,0.0,0.0,0.84,0.0,0.0,0.188,0.0,0.0,0.0,0.0,0.0,0.0,0.0,0.41,0.0,0.0,0.0,0.0,0.0,0.0,0.0,0.212209,0.0,0.69,0.235057,0.0,0.413,0.0,0.0,0.0,0.0,0.36,0.0,0.0,0.0,0.14,0.0
0.0,0.0,0.335,0.0,0.26,0.0,0.0,0.0,0.485,0.0,0.0,0.0,0.075,0.0,0.0,0.0,0.218,0.0,0.0,0.0,0.0,1.12,0.379645,2018-02,0.0,0.715,0.485,0.0,0.0,0.0,0.0,0.0,1.28,0.0,1.434034,0.0,0.84,0.0,0.0,0.0,0.0,0.0,1.01,0.0,0.0,1.36,0.3,0.2775,0.0,0.212209,0.0,0.0,0.0,0.45,0.0,0.286667,0.78,0.5,0.0,0.0,0.62,0.0,0.0,0.0,0.77
0.0,0.0,0.0,0.63,0.0,0.335,0.0,1.1,0.0,0.731707,0.23,0.158,0.0,0.462,0.0,0.71,0.0,0.46,0.53,0.0,0.0,0.0,0.0,2018-03,0.41,0.0,0.0,1.86,0.0,1.0,0.0,0.72,0.0,0.0,0.0,0.78,0.0,1.0,0.39,0.36,0.825,0.0,0.0,0.46,0.0,0.0,0.0,0.0,0.38,0.213178,0.805,0.0,0.0,0.0,0.0,0.0,0.0,0.0,0.63,0.0,0.0,0.7,0.173333,0.0,0.0
0.96,0.28,0.0,0.0,0.0,0.0,0.18,0.0,0.0,0.0,0.0,0.0,0.0,0.0,0.78,0.0,0.0,0.0,0.0,0.42,0.96,0.0,0.0,2018-04,0.0,0.0,0.0,0.0,0.0,0.0,0.93,0.0,0.0,0.188,0.0,0.0,0.0,0.0,0.0,0.0,0.0,0.41,0.0,0.0,0.26,0.0,0.0,0.0,0.0,0.213178,0.0,0.717,0.235057,0.0,0.413,0.0,0.0,0.0,0.0,0.36,0.0,0.0,0.0,0.14,0.0
0.0,0.0,0.335,0.0,0.26,0.0,0.0,0.0,0.485,0.0,0.0,0.0,0.075,0.0,0.0,0.0,0.218,0.46,0.0,0.0,0.0,1.12,0.47,2018-05,0.0,0.715,0.485,0.0,0.45,0.0,0.0,0.0,1.36,0.0,1.500956,0.0,0.9,0.0,0.0,0.0,0.0,0.0,0.0,0.0,0.0,1.36,0.3,0.0,0.0,0.213178,0.928,0.0,0.0,0.45,0.0,0.286667,0.78,0.5,0.0,0.0,0.62,0.0,0.173333,0.0,0.82
0.0,0.0,0.0,0.69,0.0,0.335,0.0,1.1,0.0,0.731707,0.23,0.158,0.0,0.476,0.0,0.73,0.0,0.0,0.53,0.0,0.0,0.0,0.0,2018-06,0.41,0.0,0.0,1.86,0.0,1.0,0.0,0.72,0.0,0.0,0.0,0.78,0.0,1.0,0.39,0.38,0.825,0.0,1.01,0.0,0.0,0.0,0.0,0.2775,0.38,0.213178,0.0,0.0,0.0,0.0,0.0,0.0,0.0,0.0,0.63,0.0,0.0,0.7,0.0,0.0,0.0
0.96,0.28,0.0,0.0,0.0,0.0,0.18,0.0,0.0,0.0,0.0,0.0,0.0,0.0,0.86,0.0,0.0,0.0,0.0,0.42,0.96,0.0,0.0,2018-07,0.0,0.0,0.0,0.0,0.0,0.0,0.93,0.0,0.0,0.188,0.0,0.0,0.0,0.0,0.0,0.0,0.0,0.48,0.0,0.5,0.26,0.0,0.0,0.0,0.0,0.213178,0.0,0.717,0.387996175,0.0,0.413,0.0,0.0,0.0,0.0,0.36,0.0,0.0,0.0,0.14,0.0
0.0,0.0,0.335,0.0,0.26,0.0,0.0,0.0,0.485,0.0,0.0,0.0,0.075,0.0,0.0,0.0,0.218,0.0,0.0,0.0,0.0,1.12,0.48,2018-08,0.0,0.715,0.485,0.0,0.0,0.0,0.0,0.0,1.36,0.0,1.500956,0.0,0.9,0.0,0.0,0.0,0.825,0.0,1.01,0.0,0.0,1.36,0.35,0.2775,0.0,0.213178,0.0,0.0,0.0,0.48,0.0,0.286667,0.85,0.5,0.0,0.0,0.64,0.0,0.173333,0.0,0.82
0.0,0.0,0.0,0.69,0.0,0.335,0.0,1.1,0.0,0.731707,0.23,0.158,0.0,0.476,0.0,0.73,0.0,0.46,0.53,0.0,0.0,0.0,0.0,2018-09,0.41,0.0,0.0,1.86,0.0,1.02,0.0,0.72,0.0,0.0,0.0,1.0,0.0,1.0,0.39,0.38,0.0,0.0,0.0,0.0,0.0,0.0,0.0,0.0,0.38,0.214147,0.928,0.0,0.0,0.0,0.0,0.0,0.0,0.0,0.66,0.0,0.0,0.7,0.0,0.0,0.0
0.96,0.28,0.0,0.0,0.0,0.0,0.22,0.0,0.0,0.0,0.0,0.0,0.08,0.0,0.86,0.0,0.0,0.0,0.0,0.42,0.96,0.0,0.0,2018-10,0.0,0.0,0.0,0.0,0.0,0.0,0.93,0.0,0.0,0.188,0.0,0.0,0.0,0.0,0.0,0.0,0.0,0.48,0.0,0.0,0.26,0.0,0.0,0.0,0.0,0.214147,0.0,0.717,0.387996175,0.0,0.413,0.0,0.0,0.0,0.0,0.36,0.0,0.0,0.0,0.15,0.0
0.0,0.0,0.335,0.0,0.26,0.0,0.0,0.0,0.525,0.0,0.0,0.0,0.0,0.0,0.0,0.0,0.218,0.0,0.0,0.0,0.0,1.12,0.48,2018-11,0.0,0.715,0.49,0.0,0.45,0.0,0.0,0.0,1.36,0.0,1.500956,0.0,0.9,0.0,0.39,0.0,0.0,0.0,1.16,0.0,0.0,1.36,0.0,0.2775,0.0,0.214147,0.0,0.0,0.0,0.48,0.0,0.286667,0.85,0.5,0.66,0.0,0.64,0.0,0.0,0.0,0.82
0.0,0.0,0.0,0.79,0.0,0.335,0.0,1.1,0.0,0.75122,0.26,0.166,0.0,0.476,0.0,0.73,0.0,0.5,0.53,0.0,0.0,0.0,0.0,2018-12,0.46,0.0,0.0,1.86,0.0,1.02,0.0,0.72,0.0,0.0,0.0,1.0,0.0,1.0,0.0,0.38,0.825,0.0,0.0,0.5,0.285,0.0,0.35,0.0,0.4,0.214147,0.928,0.0,0.0,0.0,0.0,0.0,0.0,0.0,0.0,0.0,0.0,0.7,0.173333,0.0,0.0
1.07,0.32,0.0,0.0,0.0,0.0,0.22,0.0,0.0,0.0,0.0,0.0,0.0,0.0,0.86,0.0,0.0,0.0,0.0,0.42,0.96,0.0,0.0,2019-01,0.0,0.0,0.0,0.0,0.0,0.0,0.93,0.0,0.0,0.21,0.0,0.0,0.0,0.0,0.0,0.0,0.0,0.48,0.0,0.0,0.0,0.0,0.0,0.0,0.0,0.218992,0.0,0.717,0.3990817800000001,0.0,0.463,0.0,0.0,0.0,0.0,0.39,0.0,0.0,0.0,0.15,0.0
0.0,0.0,0.35,0.0,0.27,0.0,0.0,0.0,0.525,0.0,0.0,0.0,0.08,0.0,0.0,0.0,0.228,0.5,0.0,0.0,0.0,1.19,0.48,2019-02,0.0,0.74,0.49,0.0,0.0,0.0,0.0,0.0,1.36,0.0,1.500956,0.0,0.9,0.0,0.0,0.0,0.0,0.0,1.16,0.0,0.0,1.44,0.35,0.3125,0.0,0.218992,0.928,0.0,0.0,0.48,0.0,0.376667,0.85,0.57,0.0,0.0,0.64,0.0,0.0,0.0,0.82
0.0,0.0,0.0,0.79,0.0,0.368,0.0,1.16,0.0,0.75122,0.26,0.166,0.0,0.476,0.0,0.73,0.0,0.0,0.56,0.0,0.0,0.0,0.0,2019-03,0.46,0.0,0.0,1.95,0.0,1.02,0.0,0.763,0.0,0.0,0.0,1.0,0.0,1.03,0.4,0.38,0.875,0.0,0.0,0.5,0.0,0.0,0.0,0.0,0.4,0.218992,0.0,0.0,0.0,0.0,0.0,0.0,0.0,0.0,0.66,0.0,0.0,0.76,0.176667,0.0,0.0
1.07,0.32,0.0,0.0,0.0,0.0,0.22,0.0,0.0,0.0,0.0,0.0,0.0,0.0,0.86,0.0,0.0,0.0,0.0,0.43,0.96,0.0,0.0,2019-04,0.0,0.0,0.0,0.0,0.0,0.0,1.02,0.0,0.0,0.21,0.0,0.0,0.0,0.0,0.0,0.0,0.0,0.48,0.0,0.0,0.285,0.0,0.0,0.0,0.0,0.218992,0.0,0.746,0.3990817800000001,0.0,0.463,0.0,0.0,0.0,0.0,0.39,0.0,0.0,0.0,0.15,0.0
0.0,0.0,0.35,0.0,0.27,0.0,0.0,0.0,0.525,0.0,0.0,0.0,0.08,0.0,0.0,0.0,0.228,0.0,0.0,0.0,0.0,1.19,0.48,2019-05,0.0,0.74,0.49,0.0,0.5,0.0,0.0,0.0,1.44,0.0,1.548757,0.0,0.95,0.0,0.0,0.0,0.875,0.0,1.16,0.0,0.0,1.44,0.35,0.3125,0.0,0.218992,0.0,0.0,0.0,0.48,0.0,0.376667,0.85,0.57,0.0,0.0,0.64,0.0,0.176667,0.0,0.87
0.0,0.0,0.0,0.79,0.0,0.368,0.0,1.16,0.0,0.75122,0.26,0.166,0.0,0.481,0.0,0.75,0.0,0.5,0.56,0.0,0.0,0.0,0.0,2019-06,0.46,0.0,0.0,1.95,0.0,1.02,0.0,0.763,0.0,0.0,0.0,1.0,0.0,1.03,0.4,0.4,0.0,0.0,0.0,0.0,0.0,0.0,0.0,0.0,0.4,0.219961,0.955,0.0,0.0,0.0,0.0,0.0,0.0,0.0,0.66,0.0,0.0,0.76,0.0,0.0,0.0
1.07,0.32,0.0,0.0,0.0,0.0,0.22,0.0,0.0,0.0,0.0,0.0,0.0,0.0,1.03,0.0,0.0,0.0,0.0,0.43,1.06,0.0,0.0,2019-07,0.0,0.0,0.0,0.0,0.0,0.0,1.02,0.0,0.0,0.21,0.0,0.0,0.0,0.0,0.0,0.0,0.0,0.55,0.0,0.54,0.285,0.0,0.0,0.0,0.0,0.219961,0.0,0.746,0.3990817800000001,0.0,0.463,0.0,0.0,0.0,0.0,0.39,0.0,0.0,0.0,0.15,0.0
0.0,0.0,0.35,0.0,0.27,0.0,0.0,0.0,0.525,0.0,0.0,0.0,0.08,0.0,0.0,0.0,0.228,0.0,0.0,0.0,0.0,1.19,0.49,2019-08,0.0,0.74,0.49,0.0,0.0,0.0,0.0,0.0,1.44,0.0,1.548757,0.0,0.95,0.0,0.0,0.0,0.875,0.0,1.16,0.0,0.0,1.44,0.38,0.3125,0.0,0.219961,0.0,0.0,0.0,0.51,0.0,0.376667,0.88,0.57,0.69,0.0,0.66,0.0,0.176667,0.0,0.87
0.0,0.0,0.0,0.79,0.0,0.368,0.0,1.16,0.0,0.75122,0.26,0.166,0.0,0.481,0.0,0.75,0.0,0.5,0.56,0.0,0.0,0.0,0.0,2019-09,0.46,0.0,0.0,1.95,0.0,1.05,0.0,0.763,0.0,0.0,0.0,1.07,0.0,1.03,0.4,0.4,0.0,0.0,0.0,0.54,0.0,0.0,0.0,0.0,0.4,0.219961,0.955,0.0,0.0,0.0,0.0,0.0,0.0,0.0,0.0,0.0,0.0,0.76,0.0,0.0,0.0
1.07,0.32,0.0,0.0,0.0,0.0,0.24,0.0,0.0,0.0,0.0,0.0,0.0,0.0,1.03,0.0,0.0,0.0,0.0,0.43,1.06,0.0,0.0,2019-10,0.0,0.0,0.0,0.0,0.0,0.0,1.02,0.0,0.0,0.21,0.0,0.0,0.0,0.0,0.0,0.0,0.0,0.55,0.0,0.0,0.285,0.0,0.0,0.0,0.0,0.219961,0.0,0.746,0.3990817800000001,0.0,0.463,0.0,0.0,0.0,0.0,0.39,0.0,0.0,0.0,0.16,0.0
0.0,0.0,0.35,0.0,0.27,0.0,0.0,0.0,0.575,0.0,0.0,0.0,0.085,0.0,0.0,0.0,0.228,0.0,0.0,0.0,0.0,1.19,0.49,2019-11,0.0,0.74,0.5,0.0,0.5,0.0,0.0,0.0,1.44,0.0,1.548757,0.0,0.95,0.0,0.4,0.0,0.0,0.0,1.25,0.0,0.0,1.44,0.0,0.3125,0.0,0.219961,0.0,0.0,0.0,0.51,0.0,0.376667,0.88,0.57,0.69,0.0,0.66,0.0,0.0,0.0,0.87
0.0,0.0,0.0,0.91,0.0,0.368,0.0,1.16,0.0,0.770732,0.27,0.174,0.0,0.481,0.0,0.75,0.0,0.51,0.56,0.0,0.0,0.0,0.0,2019-12,0.47,0.0,0.0,1.95,0.0,1.05,0.0,0.763,0.0,0.0,0.0,1.07,0.0,1.03,0.0,0.4,0.875,0.0,0.0,0.54,0.31,0.0,0.38,0.0,0.403,0.22093,0.955,0.0,0.0,0.0,0.0,0.0,0.0,0.0,0.0,0.0,0.0,0.76,0.176667,0.0,0.0
1.18,0.36,0.0,0.0,0.0,0.0,0.24,0.0,0.0,0.0,0.0,0.0,0.0,0.0,1.03,0.0,0.0,0.0,0.0,0.43,1.06,0.0,0.0,2020-01,0.0,0.0,0.0,0.0,0.0,0.0,1.02,0.0,0.0,0.233,0.0,0.0,0.0,0.0,0.0,0.0,0.0,0.55,0.0,0.0,0.0,0.0,0.0,0.0,0.0,0.225775,0.0,0.746,0.42125299,0.0,0.513,0.0,0.0,0.0,0.0,0.45,0.0,0.0,0.0,0.16,0.0
0.0,0.0,0.36,0.0,0.28,0.0,0.0,0.0,0.575,0.0,0.0,0.0,0.085,0.0,0.0,0.0,0.24,0.0,0.0,0.0,0.0,1.29,0.49,2020-02,0.0,0.765,0.5,0.0,0.0,0.0,0.0,0.0,1.44,0.0,1.548757,0.0,0.95,0.0,0.0,0.0,0.0,0.0,1.25,0.0,0.0,1.47,0.38,0.35,0.0,0.225775,0.0,0.0,0.0,0.51,0.0,0.446667,0.88,0.67,0.0,0.0,0.66,0.0,0.0,0.0,0.87
0.0,0.0,0.0,0.91,0.0,0.385,0.0,1.34,0.0,0.770732,0.27,0.174,0.0,0.481,0.0,0.75,0.0,0.51,0.6,0.0,0.0,0.0,0.0,2020-03,0.47,0.0,0.0,2.078,0.0,1.05,0.0,0.79,0.0,0.0,0.0,1.07,0.0,1.07,0.41,0.4,0.963,0.0,0.0,0.54,0.0,0.0,0.0,0.0,0.403,0.225775,0.955,0.0,0.0,0.0,0.0,0.0,0.0,0.0,0.69,0.0,0.0,0.9,0.18,0.0,0.0
1.18,0.36,0.0,0.0,0.0,0.0,0.24,0.0,0.0,0.0,0.0,0.0,0.0,0.0,1.03,0.0,0.0,0.0,0.0,0.44,1.06,0.0,0.0,2020-04,0.0,0.0,0.0,0.0,0.0,0.0,1.1,0.0,0.0,0.233,0.0,0.0,0.0,0.0,0.0,0.0,0.0,0.55,0.0,0.0,0.31,0.0,0.0,0.0,0.0,0.225775,0.0,0.791,0.42125299,0.0,0.513,0.0,0.0,0.0,0.0,0.45,0.0,0.0,0.0,0.16,0.0
0.0,0.0,0.36,0.0,0.28,0.0,0.0,0.0,0.575,0.0,0.0,0.0,0.085,0.0,0.0,0.0,0.24,0.0,0.0,0.0,0.0,1.29,0.49,2020-05,0.0,0.765,0.5,0.0,0.52,0.0,0.0,0.0,1.44,0.0,1.558317,0.0,1.01,0.0,0.0,0.0,0.0,0.0,1.25,0.0,0.0,1.47,0.38,0.0,0.0,0.225775,0.0,0.0,0.0,0.51,0.0,0.446667,0.88,0.67,0.0,0.0,0.66,0.0,0.18,0.0,0.87
0.0,0.0,0.0,0.91,0.0,0.385,0.0,1.34,0.0,0.770732,0.0,0.174,0.0,0.486,0.0,0.78,0.0,0.51,0.6,0.0,0.0,0.0,0.0,2020-06,0.47,0.0,0.0,2.078,0.0,1.05,0.0,0.79,0.0,0.0,0.0,1.07,0.0,1.07,0.41,0.4,0.963,0.0,0.0,0.58,0.0,0.0,0.0,0.35,0.403,0.226744,1.023,0.0,0.0,0.0,0.0,0.0,0.0,0.0,0.69,0.0,0.0,0.9,0.0,0.0,0.0
1.18,0.36,0.0,0.0,0.0,0.0,0.24,0.0,0.0,0.0,0.27,0.0,0.0,0.0,1.03,0.0,0.0,0.0,0.0,0.44,1.11,0.0,0.0,2020-07,0.0,0.0,0.0,0.0,0.0,0.0,1.1,0.0,0.0,0.233,0.0,0.0,0.0,0.0,0.0,0.0,0.0,0.55,0.0,0.0,0.31,0.0,0.0,0.0,0.0,0.226744,0.0,0.791,0.42125299,0.0,0.513,0.0,0.0,0.0,0.0,0.45,0.0,0.0,0.0,0.16,0.0
0.0,0.0,0.36,0.0,0.28,0.0,0.0,0.0,0.575,0.0,0.0,0.0,0.085,0.0,0.0,0.0,0.24,0.0,0.0,0.0,0.0,1.29,0.495,2020-08,0.0,0.765,0.5,0.0,0.0,0.0,0.0,0.0,1.53,0.0,1.558317,0.0,1.01,0.0,0.0,0.0,0.0,0.0,1.25,0.0,0.0,1.47,0.39,0.35,0.0,0.226744,0.0,0.0,0.0,0.54,0.0,0.446667,0.9,0.67,0.7,0.0,0.68,0.0,0.18,0.0,0.87
0.0,0.0,0.0,0.91,0.0,0.385,0.0,1.34,0.0,0.770732,0.27,0.174,0.0,0.486,0.0,0.78,0.0,0.51,0.6,0.0,0.0,0.0,0.0,2020-09,0.47,0.0,0.0,2.078,0.0,1.06,0.0,0.79,0.0,0.0,0.0,1.14,0.0,1.07,0.41,0.4,0.963,0.0,0.0,0.58,0.0,0.0,0.0,0.0,0.403,0.226744,1.023,0.0,0.0,0.0,0.0,0.0,0.0,0.0,0.0,0.0,0.0,0.9,0.0,0.0,0.0
1.18,0.36,0.0,0.0,0.0,0.0,0.26,0.0,0.0,0.0,0.0,0.0,0.0,0.0,1.03,0.0,0.0,0.0,0.0,0.44,0.0,0.0,0.0,2020-10,0.0,0.0,0.0,0.0,0.0,0.0,1.1,0.0,0.0,0.233,0.0,0.0,0.0,0.0,0.0,0.0,0.0,0.6,0.0,0.0,0.31,0.0,0.0,0.0,0.0,0.226744,0.0,0.791,0.42125299,0.0,0.513,0.0,0.0,0.0,0.0,0.45,0.0,0.0,0.0,0.0,0.0
0.0,0.0,0.36,0.0,0.28,0.0,0.0,0.0,0.625,0.0,0.0,0.0,0.093,0.0,0.0,0.0,0.24,0.0,0.0,0.0,1.11,1.29,0.495,2020-11,0.0,0.765,0.505,0.0,0.52,0.0,0.0,0.0,1.53,0.0,1.558317,0.0,1.01,0.0,0.41,0.0,0.0,0.0,1.29,0.0,0.0,1.47,0.0,0.35,0.0,0.226744,0.0,0.0,0.0,0.54,0.0,0.446667,0.9,0.67,0.7,0.0,0.68,0.0,0.0,0.17,0.87
0.0,0.0,0.0,0.93,0.0,0.385,0.0,1.34,0.0,0.809756,0.28,0.18,0.0,0.486,0.0,0.78,0.0,0.51,0.6,0.0,0.0,0.0,0.0,2020-12,0.48,0.0,0.0,2.078,0.0,1.06,0.0,0.79,0.0,0.0,0.0,1.14,0.0,1.07,0.0,0.4,0.963,0.0,0.0,0.58,0.34,0.0,0.39,0.0,0.405,0.227713,1.023,0.0,0.0,0.0,0.0,0.0,0.0,0.0,0.0,0.0,0.0,0.9,0.18,0.0,0.0
1.3,0.45,0.0,0.0,0.0,0.0,0.26,0.0,0.0,0.0,0.0,0.0,0.0,0.0,1.03,0.0,0.0,0.0,0.0,0.44,1.11,0.0,0.0,2021-01,0.0,0.0,0.0,0.0,0.0,0.0,1.1,0.0,0.0,0.245,0.0,0.0,0.0,0.0,0.0,0.0,0.0,0.6,0.0,0.0,0.0,0.0,0.0,0.0,0.0,0.227713,0.0,0.791,0.4434242,0.0,0.563,0.0,0.0,0.0,0.0,0.45,0.0,0.0,0.0,0.17,0.0
0.0,0.0,0.37,0.0,0.33,0.0,0.0,0.0,0.625,0.0,0.0,0.0,0.093,0.0,0.0,0.0,0.253,0.0,0.0,0.0,0.0,1.29,0.495,2021-02,0.0,0.775,0.505,0.0,0.0,0.0,0.0,0.0,1.53,0.0,1.558317,0.0,1.01,0.0,0.0,0.0,0.0,0.0,1.29,0.0,0.0,1.48,0.39,0.385,0.0,0.227713,0.0,0.0,0.0,0.54,0.0,0.55,0.9,0.77,0.0,0.0,0.68,0.0,0.0,0.0,0.87
0.0,0.0,0.0,0.93,0.0,0.39,0.0,1.5,0.0,0.809756,0.28,0.18,0.0,0.486,0.0,0.78,0.0,0.51,0.63,0.0,0.0,0.0,0.0,2021-03,0.48,0.0,0.0,2.09,0.0,1.06,0.0,0.815,0.0,0.0,0.0,1.14,0.0,1.14,0.42,0.4,1.06,0.0,0.0,0.58,0.0,0.0,0.0,0.0,0.405,0.227713,1.023,0.0,0.0,0.0,0.0,0.0,0.0,0.0,0.7,0.45,0.0,1.08,0.183333,0.0,0.0
1.3,0.45,0.0,0.0,0.0,0.0,0.26,0.0,0.0,0.0,0.0,0.0,0.0,0.0,1.03,0.0,0.0,0.0,0.0,0.45,1.11,0.0,0.0,2021-04,0.0,0.0,0.0,0.0,0.0,0.0,1.19,0.0,0.0,0.245,0.0,0.0,0.0,0.0,0.0,0.0,0.0,0.6,0.0,0.0,0.34,0.0,0.0,0.0,0.0,0.227713,0.0,0.87,0.4434242,0.0,0.563,0.0,0.0,0.0,0.0,0.0,0.0,0.0,0.0,0.17,0.0
0.0,0.0,0.37,0.0,0.33,0.0,0.0,0.0,0.625,0.0,0.0,0.0,0.093,0.0,0.0,0.0,0.253,0.0,0.0,0.0,0.0,1.34,0.495,2021-05,0.0,0.775,0.505,0.0,0.58,0.0,0.0,0.0,1.62,0.0,1.567878,0.0,1.06,0.0,0.0,0.0,0.0,0.0,1.29,0.0,0.0,1.48,0.39,0.0,0.0,0.227713,0.0,0.0,0.0,0.54,0.0,0.55,0.9,0.77,0.0,0.0,0.68,0.0,0.183333,0.0,0.87
0.0,0.0,0.0,0.93,0.0,0.39,0.0,1.5,0.0,0.809756,0.28,0.18,0.0,0.491,0.0,0.8,0.0,0.51,0.63,0.0,0.0,0.0,0.0,2021-06,0.48,0.0,0.0,2.09,0.0,1.06,0.0,0.815,0.0,0.0,0.0,1.14,0.0,1.14,0.42,0.42,1.06,0.0,0.0,0.63,0.0,0.0,0.0,0.385,0.405,0.228682,1.075,0.0,0.0,0.0,0.0,0.0,0.0,0.0,0.7,0.0,0.0,1.08,0.0,0.0,0.0
1.3,0.45,0.0,0.0,0.0,0.0,0.26,0.0,0.0,0.0,0.0,0.0,0.0,0.0,1.11,0.0,0.0,0.0,0.0,0.45,1.16,0.0,0.0,2021-07,0.0,0.0,0.0,0.0,0.0,0.0,1.19,0.0,0.0,0.245,0.0,0.0,0.0,0.0,0.0,0.0,0.0,0.8,0.0,0.0,0.34,0.0,0.0,0.0,0.0,0.228682,0.0,0.87,0.4434242,0.0,0.563,0.0,0.0,0.0,0.0,0.47,0.0,0.0,0.0,0.17,0.0
0.0,0.0,0.37,0.0,0.33,0.0,0.0,0.0,0.625,0.0,0.0,0.0,0.093,0.0,0.0,0.0,0.253,0.0,0.0,0.0,0.0,1.34,0.5,2021-08,0.0,0.775,0.505,0.0,0.0,0.0,0.0,0.0,1.62,0.0,1.567878,0.0,1.06,0.0,0.0,0.0,0.0,0.0,1.29,0.0,0.0,1.48,0.51,0.385,0.0,0.228682,0.0,0.0,0.0,0.59,0.0,0.55,0.99,0.77,0.0,0.0,0.9,0.0,0.183333,0.0,0.87
0.0,0.0,0.0,0.93,0.0,0.39,0.0,1.5,0.0,0.809756,0.28,0.18,0.0,0.491,0.0,0.8,0.0,0.51,0.63,0.0,0.0,0.0,0.0,2021-09,0.48,0.0,0.0,2.09,0.0,1.07,0.0,0.815,0.0,0.0,0.0,1.22,0.0,1.14,0.42,0.42,1.06,0.0,0.0,0.63,0.0,0.0,0.0,0.0,0.405,0.228682,1.075,0.0,0.0,0.0,0.0,0.0,0.0,0.0,0.79,0.47,0.0,1.08,0.0,0.0,0.0
1.3,0.45,0.0,0.0,0.0,0.0,0.28,0.0,0.0,0.0,0.0,0.0,0.0,0.0,1.11,0.0,0.0,0.0,0.0,0.45,1.16,0.0,0.0,2021-10,0.0,0.0,0.0,0.0,0.0,0.0,1.19,0.0,0.0,0.245,0.0,0.0,0.0,0.0,0.0,0.0,0.0,0.8,0.0,0.0,0.34,0.0,0.0,0.0,0.0,0.0,0.0,0.87,0.4434242,0.0,0.563,0.0,0.0,0.0,0.0,0.0,0.0,0.0,0.0,0.0,0.0
0.0,0.0,0.37,0.0,0.33,0.0,0.0,0.0,0.68,0.0,0.0,0.0,0.103,0.0,0.0,0.0,0.253,0.0,0.0,0.0,0.0,1.34,0.5,2021-11,0.0,0.775,0.515,0.0,0.58,0.0,0.0,0.0,1.62,0.0,1.64,0.0,1.06,0.0,0.42,0.0,0.0,0.0,1.38,0.0,0.0,1.48,0.0,0.385,0.0,0.474682,0.0,0.0,0.0,0.59,0.0,0.55,0.99,0.77,0.79,0.0,0.9,0.0,0.0,0.18,0.88
0.0,0.0,0.0,1.04,0.0,0.39,0.0,1.5,0.0,0.84878,0.29,0.189,0.0,0.491,0.0,0.8,0.0,1.1,0.63,0.0,0.0,0.0,0.0,2021-12,0.51,0.0,0.0,2.09,0.0,1.07,0.0,0.815,0.0,0.0,0.0,1.22,0.0,1.14,0.0,0.42,1.06,0.0,0.0,0.63,0.37,0.0,0.51,0.0,0.5,0.247,1.075,0.0,0.0,0.0,0.0,0.0,0.0,0.0,0.0,0.0,0.0,1.08,0.183333,0.0,0.0
0.0,0.0,0.0,1.04,0.0,0.39,0.0,1.5,0.0,0.84878,0.29,0.189,0.0,0.491,0.0,0.8,0.0,1.1,0.63,0.0,0.0,0.0,0.0,2021-12,0.51,0.0,0.0,2.09,0.0,1.07,0.0,0.815,0.0,0.0,0.0,1.22,0.0,1.14,0.0,0.42,1.06,0.0,0.0,0.63,0.37,0.0,0.51,0.0,0.5,0.247,1.075,0.0,0.0,0.0,0.0,0.0,0.0,0.0,0.0,0.0,0.0,1.08,0.183333,0.0,0.0
1.41,0.47,0.0,0.0,0.0,0.0,0.28,0.0,0.0,0.0,0.0,0.0,0.0,0.0,1.11,0.0,0.0,0.0,0.0,0.45,1.16,0.0,0.0,2022-01,0.0,0.0,0.0,0.0,0.0,0.0,1.19,0.0,0.0,0.26,0.0,0.0,0.0,0.0,0.0,0.0,0.0,0.8,0.0,0.0,0.0,0.0,0.0,0.0,0.0,0.247,0.0,0.87,0.46559541,0.0,0.62,0.0,0.0,0.0,0.0,0.47,0.0,0.0,0.0,0.18,0.0
0.0,0.0,0.4,0.0,0.4,0.0,0.0,0.0,0.68,0.0,0.0,0.0,0.103,0.0,0.0,0.0,0.263,0.0,0.0,0.0,0.0,1.42,0.5,2022-02,0.0,0.79,0.515,0.0,0.0,0.0,0.0,0.0,1.62,0.0,1.64,0.0,1.06,0.0,0.0,0.0,0.0,0.0,1.38,0.0,0.0,1.49,0.51,0.425,0.0,0.247,0.0,0.0,0.0,0.59,0.0,0.6,0.99,0.77,0.0,0.0,0.9,0.0,0.0,0.0,0.88
0.0,0.0,0.0,1.04,0.0,0.395,0.0,1.62,0.0,0.84878,0.29,0.189,0.0,0.491,0.0,0.8,0.0,0.55,0.69,0.0,0.0,0.0,0.0,2022-03,0.51,0.0,0.0,2.2,0.0,1.07,0.0,0.895,0.0,0.0,0.0,1.22,0.0,1.16,0.44,0.42,1.17,0.0,0.0,0.63,0.0,0.0,0.0,0.0,0.5,0.247,1.075,0.0,0.0,0.0,0.0,0.0,0.0,0.0,0.79,0.47,0.0,1.2,0.186667,0.0,0.0
1.41,0.47,0.0,0.0,0.0,0.0,0.28,0.0,0.0,0.0,0.0,0.0,0.0,0.0,1.11,0.0,0.0,0.0,0.0,0.47,1.16,0.0,0.0,2022-04,0.0,0.0,0.0,0.0,0.0,0.0,1.26,0.0,0.0,0.26,0.0,0.0,0.0,0.0,0.0,0.0,0.0,0.8,0.0,0.0,0.37,0.0,0.0,0.0,0.0,0.247,0.0,0.913,0.46559541,0.0,0.62,0.0,0.0,0.0,0.0,0.0,0.0,0.0,0.0,0.18,0.0
0.0,0.0,0.4,0.0,0.4,0.0,0.0,0.0,0.68,0.0,0.0,0.0,0.103,0.0,0.0,0.0,0.263,0.0,0.0,0.0,0.0,1.42,0.5,2022-05,0.0,0.79,0.515,0.0,0.67,0.0,0.0,0.0,1.72,0.0,1.65,0.0,1.13,0.0,0.0,0.0,0.0,0.0,0.0,0.0,0.0,1.49,0.51,0.425,0.0,0.247,0.0,0.0,0.0,0.59,0.0,0.6,0.99,0.85,0.0,0.0,0.9,0.0,0.186667,0.0,0.88
0.0,0.0,0.0,1.04,0.0,0.395,0.0,1.62,0.0,0.87,0.29,0.189,0.0,0.496,0.0,0.83,0.0,0.55,0.69,0.0,0.0,0.0,0.0,2022-06,0.51,0.0,0.0,2.2,0.0,1.07,1.26,0.895,0.0,0.0,0.0,1.22,0.0,1.16,0.44,0.44,1.17,0.0,1.38,0.68,0.0,0.0,0.0,0.0,0.5,0.248,1.15,0.0,0.0,0.0,0.0,0.0,0.0,0.0,0.79,0.49,0.0,1.2,0.0,0.0,0.0
1.41,0.47,0.0,0.0,0.0,0.0,0.28,0.0,0.0,0.0,0.0,0.0,0.0,0.0,1.2,0.0,0.0,0.0,0.0,0.47,1.18,0.0,0.0,2022-07,0.0,0.0,0.0,0.0,0.0,0.0,0.0,0.0,0.0,0.26,0.0,0.0,0.0,0.0,0.0,0.0,0.0,1.05,0.0,0.0,0.37,0.0,0.0,0.0,0.0,0.248,0.0,0.913,0.46559541,0.0,0.62,0.0,0.0,0.0,0.0,0.0,0.0,0.0,0.0,0.18,0.0
0.0,0.0,0.4,0.0,0.4,0.0,0.0,0.0,0.68,0.0,0.0,0.0,0.103,0.0,0.0,0.0,0.263,0.0,0.0,0.0,0.0,1.42,0.505,2022-08,0.0,0.79,0.515,0.0,0.0,0.0,0.0,0.0,1.72,0.0,1.65,0.0,1.13,0.0,0.0,0.0,0.0,0.0,1.38,0.0,0.0,1.49,0.65,0.425,0.0,0.248,0.0,0.0,0.0,0.62,0.0,0.6,1.02,0.85,0.0,0.0,1.08,0.0,0.186667,0.0,0.88
0.0,0.0,0.0,1.04,0.0,0.395,0.0,1.62,0.0,0.87,0.29,0.189,0.0,0.496,0.0,0.83,0.0,0.55,0.69,0.0,0.0,0.0,0.0,2022-09,0.51,0.0,0.0,2.2,0.0,1.08,0.0,0.895,0.0,0.0,0.0,1.31,0.0,1.16,0.44,0.44,1.17,0.0,0.0,0.68,0.0,0.0,0.0,0.0,0.5,0.248,1.15,0.0,0.0,0.0,0.0,0.0,0.0,0.0,0.8,0.0,0.0,1.2,0.0,0.0,0.0
1.41,0.47,0.0,0.0,0.0,0.0,0.3,0.0,0.0,0.0,0.0,0.0,0.0,0.0,1.2,0.0,0.0,0.0,0.0,0.47,1.18,0.0,0.0,2022-10,0.0,0.0,0.0,0.0,0.0,0.0,1.26,0.0,0.0,0.26,0.0,0.0,0.0,0.0,0.0,0.0,0.0,1.05,0.0,0.0,0.37,0.0,0.0,0.0,0.0,0.248,0.0,0.913,0.46559541,0.0,0.62,0.0,0.0,0.0,0.0,0.49,0.0,0.0,0.0,0.0,0.0
0.0,0.0,0.4,0.0,0.4,0.0,0.0,0.0,0.74,0.0,0.0,0.0,0.115,0.0,0.0,0.0,0.263,0.0,0.0,0.0,0.0,1.42,0.505,2022-11,0.0,0.79,0.52,0.0,0.67,0.0,0.0,0.0,1.72,0.0,1.65,0.0,1.13,0.0,0.44,0.0,0.0,0.0,1.52,0.0,0.0,1.49,0.0,0.425,0.0,0.248,0.0,0.0,0.0,0.62,0.0,0.6,1.02,0.85,0.8,0.0,1.08,0.0,0.0,0.19,0.91
0.0,0.0,0.0,1.25,0.0,0.395,0.0,1.62,0.0,0.91,0.3,0.206,0.0,0.496,0.0,0.83,0.0,0.61,0.69,0.0,0.0,0.0,0.0,2022-12,0.53,0.0,0.0,2.2,0.0,1.08,0.0,0.895,0.0,0.0,0.0,1.31,0.0,1.16,0.0,0.44,1.17,0.0,0.0,0.68,0.39,0.0,0.65,0.0,0.51,0.249,1.15,0.0,0.0,0.0,0.0,0.0,0.0,0.0,0.0,0.0,0.0,1.2,0.186667,0.0,0.0
1.48,0.51,0.0,0.0,0.0,0.0,0.3,0.0,0.0,0.0,0.0,0.0,0.0,0.0,1.2,0.0,0.0,0.0,0.0,0.47,1.18,0.0,0.0,2023-01,0.0,0.0,0.0,0.0,0.0,0.0,1.26,0.0,0.0,0.275,0.0,0.0,0.0,0.0,0.0,0.0,0.0,1.05,0.0,0.0,0.0,0.0,0.0,0.0,0.0,0.249,0.0,0.913,0.4877666200000001,0.0,0.683,0.0,0.0,0.0,0.0,0.49,0.0,0.0,0.0,0.19,0.0
0.0,0.0,0.45,0.0,0.42,0.0,0.0,0.0,0.74,0.0,0.0,0.0,0.115,0.0,0.0,0.0,0.273,0.0,0.0,0.0,0.0,1.51,0.505,2023-02,0.0,0.81,0.52,0.0,0.0,0.0,0.0,0.0,1.72,0.0,1.65,0.0,1.13,0.0,0.0,0.0,0.0,0.0,1.52,0.0,0.0,1.5,0.65,0.468,0.0,0.255,0.0,0.0,0.0,0.62,0.0,0.605,1.02,0.9,0.0,0.0,1.08,0.0,0.0,0.0,0.91
0.0,0.0,0.0,1.25,0.0,0.4,0.0,1.75,0.0,0.91,0.3,0.206,0.0,0.496,0.0,0.83,0.0,0.61,0.75,0.0,0.0,0.0,0.0,2023-03,0.53,0.0,0.0,2.31,0.0,1.08,0.0,0.95,0.0,0.0,0.0,1.31,0.0,1.18,0.46,0.44,1.275,0.0,0.0,0.68,0.0,0.0,0.0,0.0,0.51,0.255,1.15,0.0,0.0,0.0,0.0,0.0,0.0,0.0,0.8,0.0,0.0,1.22,0.19,0.0,0.0
1.48,0.51,0.0,0.0,0.0,0.0,0.3,0.0,0.0,0.0,0.0,0.0,0.0,0.0,1.2,0.0,0.0,0.0,0.0,0.48,1.18,0.0,0.0,2023-04,0.0,0.0,0.0,0.0,0.0,0.0,1.32,0.0,0.0,0.275,0.0,0.0,0.0,0.0,0.0,0.0,0.0,1.05,0.0,0.0,0.39,0.0,0.0,0.0,0.0,0.255,0.0,0.941,0.4877666200000001,0.0,0.683,0.0,0.0,0.0,0.0,0.49,0.0,0.0,0.0,0.19,0.0
0.0,0.0,0.45,0.0,0.42,0.0,0.0,0.0,0.74,0.0,0.0,0.0,0.115,0.0,0.0,0.0,0.273,0.0,0.0,0.0,0.0,1.51,0.505,2023-05,0.0,0.81,0.52,0.0,0.69,0.0,0.0,0.0,1.86,0.0,1.66,0.0,1.19,0.0,0.0,0.0,0.0,0.0,0.0,0.0,0.0,1.5,0.65,0.468,0.0,0.255,0.0,0.0,0.0,0.62,0.0,0.605,1.02,0.9,0.0,0.0,1.08,0.0,0.19,0.0,0.91
0.0,0.0,0.0,1.25,0.0,0.4,0.0,1.75,0.0,0.91,0.3,0.206,0.0,0.501,0.0,0.86,0.0,0.61,0.75,0.0,0.0,0.0,0.0,2023-06,0.53,0.0,0.0,2.31,0.0,1.08,0.0,0.95,0.0,0.0,0.0,1.31,0.0,1.18,0.46,0.46,1.275,0.0,1.52,0.69,0.0,0.0,0.0,0.0,0.51,0.256,1.265,0.0,0.0,0.0,0.0,0.0,0.0,0.0,0.8,0.0,0.0,1.22,0.0,0.0,0.0
1.48,0.51,0.0,0.0,0.0,0.0,0.3,0.0,0.0,0.0,0.0,0.0,0.0,0.0,1.3,0.0,0.0,0.0,0.0,0.48,0.0,0.0,0.0,2023-07,0.0,0.0,0.0,0.0,0.0,0.0,1.32,0.0,0.0,0.275,0.0,0.0,0.0,0.0,0.0,0.0,0.0,1.1,0.0,0.0,0.39,0.0,0.0,0.0,0.0,0.256,0.0,0.941,0.4877666200000001,0.0,0.683,0.0,0.0,0.0,0.0,0.5,0.0,0.0,0.0,0.19,0.0
0.0,0.0,0.45,0.0,0.42,0.0,0.0,0.0,0.74,0.0,0.0,0.0,0.115,0.0,0.0,0.0,0.273,0.61,0.0,0.0,1.2,1.51,0.51,2023-08,0.0,0.81,0.52,0.0,0.0,0.0,0.0,0.0,1.86,0.0,1.66,0.0,1.19,0.0,0.0,0.0,0.0,0.0,1.52,0.0,0.0,1.5,0.68,0.468,0.0,0.256,1.265,0.0,0.0,0.65,0.0,0.605,1.06,0.9,0.0,0.0,1.1,0.0,0.19,0.0,0.91
0.0,0.0,0.0,1.25,0.0,0.4,0.0,1.75,0.0,0.91,0.3,0.206,0.0,0.0,0.0,0.86,0.0,0.0,0.75,0.0,0.0,0.0,0.0,2023-09,0.53,0.0,0.0,2.31,0.0,1.09,0.0,0.95,0.0,0.0,0.0,1.4,0.0,1.18,0.46,0.46,1.275,0.0,0.0,0.69,0.0,0.0,0.0,0.0,0.51,0.256,0.0,0.0,0.0,0.0,0.0,0.0,0.0,0.0,0.81,0.0,0.0,1.22,0.0,0.0,0.0
1.48,0.51,0.0,0.0,0.0,0.0,0.32,0.0,0.0,0.0,0.0,0.0,0.13,0.501,1.3,0.0,0.0,0.0,0.0,0.48,1.2,0.0,0.0,2023-10,0.0,0.0,0.0,0.0,0.0,0.0,1.32,0.0,0.0,0.275,0.0,0.0,0.0,0.0,0.0,0.0,0.0,1.1,0.0,0.0,0.39,0.0,0.0,0.0,0.0,0.256,0.0,0.941,0.4877666200000001,0.0,0.683,0.0,0.0,0.0,0.0,0.5,0.0,0.0,0.0,0.0,0.0
0.0,0.0,0.45,0.0,0.42,0.0,0.0,0.0,0.805,0.0,0.0,0.218,0.0,0.0,0.0,0.0,0.273,0.61,0.0,0.0,0.0,1.51,0.51,2023-11,0.0,0.81,0.525,0.0,0.69,0.0,0.0,0.95,1.86,0.0,1.66,0.0,1.19,0.0,0.46,0.0,0.0,0.0,1.67,0.0,0.0,1.5,0.0,0.468,0.0,0.256,1.265,0.0,0.0,0.65,0.0,0.605,1.06,0.9,0.81,0.0,1.1,0.0,0.0,0.2,0.95
0.0,0.0,0.0,1.4,0.0,0.4,0.0,1.75,0.0,0.95,0.0,0.0,0.0,0.501,0.0,0.86,0.0,0.0,0.75,0.0,0.0,0.0,0.0,2023-12,0.57,0.0,0.0,2.31,0.0,1.09,0.0,0.0,0.0,0.0,0.0,1.4,0.0,1.18,0.0,0.46,1.275,0.0,0.0,0.69,0.42,0.0,0.68,0.0,0.54,0.257,0.0,0.0,0.0,0.0,0.0,0.0,0.0,0.0,0.0,0.0,0.0,1.22,0.19,0.0,0.0
1.55,0.55,0.0,0.0,0.0,0.0,0.32,0.0,0.0,0.0,0.31,0.0,0.0,0.0,1.3,0.0,0.0,0.0,0.0,0.48,1.2,0.0,0.0,2024-01,0.0,0.0,0.0,0.0,0.0,0.0,1.32,0.0,0.0,0.283,0.0,0.0,0.0,0.0,0.0,0.0,0.0,1.1,0.0,0.0,0.0,0.0,0.0,0.0,0.0,0.257,0.0,0.941,0.5099378300000001,0.0,0.75,0.0,0.0,0.0,0.0,0.5,0.0,0.0,0.0,0.2,0.0
0.0,0.0,0.5,0.0,0.5,0.0,0.0,0.0,0.805,0.0,0.0,0.0,0.13,0.0,0.0,0.0,0.284,0.61,0.0,0.0,0.0,1.63,0.51,2024-02,0.0,0.83,0.525,0.0,0.0,0.0,0.0,1.0,1.86,0.0,1.66,0.0,1.19,0.0,0.0,0.0,0.0,0.0,1.67,0.0,0.0,1.51,0.68,0.515,0.0,0.257,1.265,0.0,0.0,0.65,0.0,0.715,1.06,0.91,0.0,0.0,1.1,0.0,0.0,0.0,0.95
